{
    "materials":[{
        "blending":1,
        "mapDiffuseRepeat":[1,1],
        "visible":true,
        "DbgColor":15658734,
        "colorEmissive":[0,0,0],
        "mapDiffuseAnisotropy":1,
        "DbgName":"Material.002",
        "depthTest":true,
        "shading":"lambert",
        "depthWrite":true,
        "doubleSided":false,
        "DbgIndex":0,
        "wireframe":false,
        "colorDiffuse":[0.8,0.8,0.8],
        "mapDiffuse":"SupportBeam_Material.002_Diffuse.png",
        "mapDiffuseWrap":["repeat","repeat"],
        "opacity":1,
        "transparent":false
    }],
    "vertices":[4.55678,-2.63383,0.2,4.55678,-1.21383,0.2,4.55678,-2.63383,-0.2,4.55678,-1.21383,-0.2,4.95678,-2.63383,0.2,4.95678,-1.21383,0.2,4.95678,-2.63383,-0.2,4.95678,-1.21383,-0.2,4.55678,-1.49783,0.2,4.55678,-1.49783,-0.2,4.95678,-1.49783,-0.2,4.95678,-1.49783,0.2,3.74789,-1.49783,0.2,3.74789,-1.22907,0.2,3.74789,-1.22907,-0.2,3.74789,-1.49783,-0.2,4.55678,-2.27883,-0.2,4.95678,-2.27883,-0.2,4.95678,-2.27883,0.2,4.55678,-2.27883,0.2,3.98908,-1.49783,0.2,3.98908,-1.49783,-0.2,3.98908,-1.22907,-0.2,3.98908,-1.22907,0.2,4.55678,-0.0346392,0.2,4.55678,-0.0346392,-0.2,4.95678,-0.0346392,-0.2,4.95678,-0.0346392,0.2,3.74789,-0.691949,0.2,3.74789,-0.691949,-0.2,3.98908,-0.691949,0.2,3.98908,-0.691949,-0.2,3.50783,-0.301252,0.2,3.50783,-0.301252,-0.2,3.74903,-0.16711,0.2,3.74903,-0.16711,-0.2,3.04961,0.181824,0.2,3.04961,0.181823,-0.2,3.2908,0.315966,0.2,3.2908,0.315966,-0.2,2.04018,1.06085,0.2,2.04018,1.06085,-0.2,2.28138,1.19499,0.2,2.28138,1.19499,-0.2,0,2.33282,0.2,0,2.33282,-0.2,0,2.63383,0.2,0,2.63383,-0.2,-4.55678,-2.63383,-0.2,-4.55678,-1.21383,-0.2,-4.55678,-2.63383,0.2,-4.55678,-1.21383,0.2,-4.95678,-2.63383,-0.2,-4.95678,-1.21383,-0.2,-4.95678,-2.63383,0.2,-4.95678,-1.21383,0.2,-4.55678,-1.49783,-0.2,-4.55678,-1.49783,0.2,-4.95678,-1.49783,0.2,-4.95678,-1.49783,-0.2,-3.74789,-1.49783,-0.2,-3.74789,-1.22907,-0.2,-3.74789,-1.22907,0.2,-3.74789,-1.49783,0.2,-4.55678,-2.27883,0.2,-4.95678,-2.27883,0.2,-4.95678,-2.27883,-0.2,-4.55678,-2.27883,-0.2,-3.98908,-1.49783,-0.2,-3.98908,-1.49783,0.2,-3.98908,-1.22907,0.2,-3.98908,-1.22907,-0.2,-4.55678,-0.0346392,-0.2,-4.55678,-0.0346392,0.2,-4.95678,-0.0346392,0.2,-4.95678,-0.0346392,-0.2,-3.74789,-0.691949,-0.2,-3.74789,-0.691949,0.2,-3.98908,-0.691949,-0.2,-3.98908,-0.691949,0.2,-3.50783,-0.301252,-0.2,-3.50783,-0.301252,0.2,-3.74903,-0.16711,-0.2,-3.74903,-0.16711,0.2,-3.04961,0.181823,-0.2,-3.04961,0.181824,0.2,-3.2908,0.315966,-0.2,-3.2908,0.315966,0.2,-2.04018,1.06085,-0.2,-2.04018,1.06085,0.2,-2.28138,1.19499,-0.2,-2.28138,1.19499,0.2],
    "faces":[43,16,21,20,19,0,0,1,2,3,0,0,0,0,43,16,17,6,2,0,4,5,6,7,1,1,1,1,43,17,18,4,6,0,8,9,10,11,2,2,2,2,43,0,4,18,19,0,14,15,12,13,3,3,3,3,43,0,2,6,4,0,16,17,18,19,4,4,4,4,43,1,5,27,24,0,20,21,22,23,5,5,5,5,43,5,1,8,11,0,21,20,24,25,6,6,6,6,43,7,5,11,10,0,26,27,28,29,2,2,2,2,43,3,7,10,9,0,30,31,32,33,7,7,7,7,43,16,2,15,21,0,34,35,36,37,8,8,8,8,43,13,14,15,12,0,38,39,40,41,9,9,9,9,43,22,21,15,14,0,42,43,44,45,7,7,7,7,43,20,23,13,12,0,46,47,48,49,10,10,10,10,43,13,23,30,28,0,48,47,50,51,11,11,11,11,43,11,8,19,18,0,25,24,13,12,12,12,12,12,43,10,11,18,17,0,29,28,9,8,2,2,2,2,43,9,10,17,16,0,33,32,5,4,13,13,13,13,43,8,9,16,19,0,52,53,0,3,9,9,9,9,43,1,3,22,23,0,54,55,56,57,14,14,14,14,43,8,1,23,20,0,58,59,60,61,10,10,10,10,43,3,9,21,22,0,62,63,64,65,7,7,7,7,43,9,8,20,21,0,66,67,68,69,15,15,15,15,43,0,12,15,2,0,16,70,71,17,16,16,16,16,43,0,19,20,12,0,74,75,72,73,17,17,17,17,43,27,26,25,24,0,76,77,78,79,18,18,18,18,43,7,3,25,26,0,31,30,80,81,19,19,19,19,43,5,7,26,27,0,27,26,82,83,20,20,20,20,43,3,1,24,25,0,84,85,86,87,21,21,21,21,43,31,29,33,35,0,88,89,90,91,22,22,22,22,43,22,14,29,31,0,42,45,89,88,23,23,23,23,43,14,13,28,29,0,39,38,92,93,21,21,21,21,43,23,22,31,30,0,94,95,96,97,20,20,20,20,43,34,35,39,38,0,98,99,100,101,24,24,24,24,43,29,28,32,33,0,93,92,102,103,25,25,25,25,43,30,31,35,34,0,97,96,99,98,26,26,26,26,43,28,30,34,32,0,51,50,104,105,27,27,27,27,43,39,37,41,43,0,106,107,108,109,28,28,28,28,43,32,34,38,36,0,105,104,110,111,29,29,29,29,43,35,33,37,39,0,91,90,107,106,30,30,30,30,43,33,32,36,37,0,103,102,112,113,31,31,31,31,43,42,43,47,46,0,114,115,116,117,32,32,32,32,43,37,36,40,41,0,113,112,118,119,33,33,33,33,43,38,39,43,42,0,101,100,115,114,34,34,34,34,43,36,38,42,40,0,111,110,120,121,35,35,35,35,43,40,42,46,44,0,121,120,122,123,36,36,36,36,43,43,41,45,47,0,109,108,124,125,37,37,37,37,43,41,40,44,45,0,119,118,126,127,38,38,38,38,43,64,69,68,67,0,128,129,130,131,39,39,39,39,43,64,65,54,50,0,132,133,134,135,3,3,3,3,43,65,66,52,54,0,136,137,138,139,9,9,9,9,43,66,67,48,52,0,140,141,142,143,40,40,40,40,43,48,50,54,52,0,144,145,146,147,41,41,41,41,43,49,53,75,72,0,148,149,150,151,42,42,42,42,43,53,49,56,59,0,149,148,152,153,43,43,43,43,43,55,53,59,58,0,154,155,156,157,9,9,9,9,43,51,55,58,57,0,158,159,160,161,6,6,6,6,43,64,50,63,69,0,162,163,164,165,44,44,44,44,43,61,62,63,60,0,166,167,168,169,2,2,2,2,43,70,69,63,62,0,170,171,172,173,45,45,45,45,43,68,71,61,60,0,174,175,176,177,46,46,46,46,43,61,71,78,76,0,176,175,178,179,47,47,47,47,43,59,56,67,66,0,153,152,141,140,48,48,48,48,43,58,59,66,65,0,157,156,137,136,9,9,9,9,43,57,58,65,64,0,161,160,133,132,12,12,12,12,43,56,57,64,67,0,180,181,128,131,2,2,2,2,43,49,51,70,71,0,182,183,184,185,49,49,49,49,43,56,49,71,68,0,186,187,188,189,50,50,50,50,43,51,57,69,70,0,190,191,192,193,51,51,51,51,43,57,56,68,69,0,194,195,196,197,52,52,52,52,43,48,60,63,50,0,144,198,199,145,53,53,53,53,43,68,60,48,67,0,200,201,142,141,54,54,54,54,43,75,74,73,72,0,202,203,204,205,18,18,18,18,43,55,51,73,74,0,159,158,206,207,5,5,5,5,43,53,55,74,75,0,155,154,208,209,21,21,21,21,43,51,49,72,73,0,210,211,212,213,20,20,20,20,43,79,77,81,83,0,214,215,216,217,55,55,55,55,43,70,62,77,79,0,170,173,215,214,11,11,11,11,43,62,61,76,77,0,167,166,218,219,20,20,20,20,43,71,70,79,78,0,220,221,222,223,21,21,21,21,43,82,83,87,86,0,224,225,226,227,56,56,56,56,43,77,76,80,81,0,219,218,228,229,57,57,57,57,43,78,79,83,82,0,223,222,225,224,58,58,58,58,43,76,78,82,80,0,179,178,230,231,59,59,59,59,43,87,85,89,91,0,232,233,234,235,60,60,60,60,43,80,82,86,84,0,231,230,236,237,61,61,61,61,43,83,81,85,87,0,217,216,233,232,62,62,62,62,43,81,80,84,85,0,229,228,238,239,63,63,63,63,43,90,91,46,47,0,240,241,242,243,64,64,64,64,43,85,84,88,89,0,239,238,244,245,65,65,65,65,43,86,87,91,90,0,227,226,241,240,66,66,66,66,43,84,86,90,88,0,237,236,246,247,67,67,67,67,43,88,90,47,45,0,247,246,248,249,68,68,68,68,43,91,89,44,46,0,235,234,250,251,69,69,69,69,43,89,88,45,44,0,245,244,252,253,70,70,70,70],