{
    "vertices":[-0.498162,3.81739,7.88555,0.501838,3.81739,7.88555,0.501838,7.49372,7.88555,0.00183769,3.81739,7.88555,-0.498162,7.49372,7.88555,0.00183769,8.03259,7.88555,0.751838,7.01748,7.88555,0.751838,3.81739,7.88555,-0.748162,3.81739,7.88555,-0.748162,7.01748,7.88555,0.962554,3.43692,7.87666,-0.597052,3.43692,7.87666,-0.964391,3.43692,7.87666,0.550527,3.59751,7.73776,0.962554,7.25229,7.87666,-0.964391,7.25229,7.87666,-0.000918884,8.24642,7.73776,0.550527,7.65211,7.73776,-0.552365,7.65211,7.73776,-0.000918909,3.43692,7.87666,-0.000918884,3.59751,7.73776,-0.552365,3.59751,7.73776,-0.597052,7.8201,7.87666,0.890329,3.59751,7.73776,0.595215,7.8201,7.87666,-0.892167,7.12687,7.73776,-0.000918909,8.46257,7.87666,0.890329,7.12687,7.73776,0.595215,3.43692,7.87666,-0.892167,3.59751,7.73776],
    "faces":[43,7,6,27,23,0,0,1,2,3,0,0,0,0,43,3,0,4,5,0,6,7,4,5,1,1,1,1,43,0,3,20,21,0,8,9,10,11,2,2,2,2,43,5,2,1,3,0,5,12,13,6,3,3,3,3,43,4,9,25,18,0,14,15,16,17,4,4,4,4,43,0,8,9,4,0,7,19,18,4,1,1,1,1,43,2,5,16,17,0,20,21,22,23,5,5,5,5,43,2,6,7,1,0,12,24,25,13,6,6,6,6,43,3,1,13,20,0,9,26,27,10,7,7,7,7,43,21,20,19,11,0,11,10,28,29,8,8,8,8,43,17,16,26,24,0,23,22,30,31,9,9,9,9,43,25,29,12,15,0,16,32,33,34,10,10,10,10,43,13,23,10,28,0,27,3,35,36,11,11,11,11,43,27,17,24,14,0,2,23,31,37,12,12,12,12,43,18,25,15,22,0,17,16,34,38,13,13,13,13,43,16,18,22,26,0,22,17,38,30,14,14,14,14,43,20,13,28,19,0,10,27,36,28,15,15,15,15,43,29,21,11,12,0,32,11,29,33,15,15,15,15,43,23,27,14,10,0,3,2,37,35,16,16,16,16,43,8,0,21,29,0,39,8,11,32,2,2,2,2,43,5,4,18,16,0,21,14,17,22,17,17,17,17,43,1,7,23,13,0,26,0,3,27,18,18,18,18,43,9,8,29,25,0,15,39,32,16,19,19,19,19,43,6,2,17,27,0,1,20,23,2,20,20,20,20],
    "materials":[{
        "mapBumpRepeat":[1,1],
        "colorEmissive":[0,0,0],
        "mapSpecularRepeat":[1,1],
        "shading":"phong",
        "DbgName":"Big Window",
        "colorDiffuse":[0.396291,0.396291,0.396291],
        "DbgIndex":0,
        "mapDiffuseWrap":["repeat","repeat"],
        "mapSpecularWrap":["repeat","repeat"],
        "blending":1,
        "mapBumpScale":1,
        "depthWrite":true,
        "mapSpecularAnisotropy":1,
        "transparent":false,
        "specularCoef":50,
        "wireframe":false,
        "doubleSided":false,
        "DbgColor":15658734,
        "visible":true,
        "mapDiffuseAnisotropy":1,
        "mapBumpWrap":["repeat","repeat"],
        "mapBumpAnisotropy":1,
        "mapSpecular":"BigWindow_DefaultMaterial_Glossiness.png",
        "opacity":1,
        "colorSpecular":[0.5,0.5,0.5],
        "depthTest":true,
        "mapDiffuseRepeat":[1,1],
        "mapDiffuse":"BigWindow_DefaultMaterial_Diffuse.png",
        "mapBump":"BigWindow_DefaultMaterial_Normal.png"
    }],
    "uvs":[[0.134057,0.142023,0.124577,0.680899,0.0764631,0.70557,0.0924785,0.0994836,0.827498,0.826303,0.720511,0.941605,0.720512,0.039666,0.827498,0.039666,0.35632,0.138908,0.265258,0.132434,0.266584,0.0703885,0.378009,0.0821404,0.613525,0.826303,0.613525,0.039666,0.348322,0.768929,0.392179,0.682326,0.440332,0.708497,0.377859,0.815225,0.880992,0.724399,0.880992,0.039666,0.165817,0.767313,0.256132,0.857567,0.255897,0.917176,0.136207,0.813074,0.560032,0.7244,0.560031,0.039666,0.175208,0.136672,0.155943,0.0802079,0.267102,0.0123428,0.402451,0.0291277,0.255274,0.981456,0.109746,0.86239,0.441893,0.102785,0.480968,0.0633273,0.480968,0.740202,0.0545972,0.0594908,0.132716,0.0273363,0.0350709,0.736104,0.403357,0.8652,0.398602,0.14476]],
    "metadata":{
        "version":3,
        "type":"Geometry",
        "vertices":30,
        "faces":24,
        "materials":1,
        "uvs":1,
        "generator":"io_three",
        "normals":21
    },
    "normals":[-0.729676,-9.70311e-08,-0.683793,0,-0,-1,0,0.557836,-0.829951,0,0,-1,0.597956,-0.352151,-0.720027,-0.526043,-0.488105,-0.696443,8.87625e-07,-6.93437e-08,-1,0,0.557836,-0.829952,0,-0.654167,-0.75635,0.503413,0.467107,-0.726902,-0.887219,0,-0.461348,1.01728e-06,-0.654167,-0.75635,0.615724,0.398336,-0.679862,-0.615724,0.398336,-0.679862,-0.503413,0.467107,-0.726902,0,-0.654167,-0.75635,0.887219,-5.9938e-08,-0.461348,0.5189,-0.481477,-0.706344,1.33512e-06,0.557836,-0.829951,0.716206,0,-0.697889,-0.607642,-0.357855,-0.709021]
}