{
    "materials":[{
        "mapBumpScale":1,
        "specularCoef":50,
        "DbgColor":15658734,
        "mapDiffuseAnisotropy":1,
        "DbgName":"SmallWindow1",
        "depthTest":true,
        "shading":"phong",
        "depthWrite":true,
        "doubleSided":false,
        "mapSpecularWrap":["repeat","repeat"],
        "visible":true,
        "mapBumpRepeat":[1,1],
        "colorSpecular":[0.5,0.5,0.5],
        "mapDiffuseWrap":["repeat","repeat"],
        "opacity":1,
        "colorDiffuse":[0.64,0.64,0.64],
        "blending":1,
        "mapDiffuseRepeat":[1,1],
        "colorEmissive":[0,0,0],
        "mapBumpAnisotropy":1,
        "mapBumpWrap":["repeat","repeat"],
        "wireframe":false,
        "DbgIndex":0,
        "mapSpecular":"SmallWindow_DefaultMaterial_Glossiness.png",
        "mapDiffuse":"SmallWindow_DefaultMaterial_Diffuse.png",
        "mapBump":"SmallWindow_DefaultMaterial_Height.png",
        "mapSpecularRepeat":[1,1],
        "transparent":false,
        "mapSpecularAnisotropy":1
    }],
    "vertices":[-5.05857,2.07021,-6.17408,-5.05857,2.07021,-5.67408,-5.05857,4.64364,-5.67408,-5.05857,2.07021,-5.92408,-5.05857,4.64364,-6.17408,-5.05857,4.72641,-5.92408,-5.05857,4.31027,-5.54908,-5.05857,2.07021,-5.54908,-5.05857,2.07021,-6.29908,-5.05857,4.31027,-6.29908,-5.04968,1.80388,-5.44372,-5.04968,1.80388,-6.22353,-5.04968,1.80388,-6.4072,-4.91078,1.91629,-5.64974,-5.04968,4.47464,-5.44372,-5.04968,4.47464,-6.4072,-4.91078,4.83079,-6.08089,-4.91078,4.75452,-5.64974,-4.91078,4.75452,-6.20118,-5.04968,1.80388,-5.92546,-4.91078,1.91629,-5.92546,-4.91078,1.91629,-6.20118,-5.04968,4.8721,-6.22353,-4.91078,1.91629,-5.47984,-5.04968,4.8721,-5.62739,-4.91078,4.38684,-6.37108,-5.04968,4.89491,-5.82454,-4.91078,4.38684,-5.47984,-5.04968,1.80388,-5.62739,-4.91078,1.91629,-6.37108,-5.05857,4.89713,-5.84209,-5.05857,2.07021,-5.84209,-4.91078,1.91629,-5.83503,-5.04968,1.80388,-5.8277,-5.05857,4.97027,-5.9576,-5.05857,2.07021,-5.9576,-4.91078,1.91629,-5.96243,-5.04968,1.80388,-5.96543,-5.05857,2.07021,-6.04218,-4.91078,1.91629,-6.05571,-5.04968,1.80388,-6.06626,-5.05857,4.77322,-6.04218,-5.05857,2.07021,-6.06805,-4.91078,1.91629,-6.08424,-5.04968,1.80388,-6.09711,-5.05857,4.85366,-6.06805],
    "faces":[43,7,6,27,23,0,0,1,2,3,0,0,0,0,43,34,5,3,35,0,4,5,6,7,1,1,1,1,43,35,3,20,36,0,8,9,10,11,2,2,2,2,43,30,2,1,31,0,12,13,14,15,1,1,1,1,43,4,9,25,18,0,16,17,18,19,3,3,3,3,43,0,8,9,4,0,22,23,20,21,4,4,4,4,42,24,17,26,0,24,25,26,5,5,5,43,2,6,7,1,0,13,27,28,14,6,6,6,6,43,31,1,13,32,0,29,30,31,32,2,2,2,2,43,36,20,19,37,0,11,10,33,34,7,7,7,7,42,2,26,17,0,35,26,25,8,8,8,43,25,29,12,15,0,18,36,37,38,9,9,9,9,43,13,23,10,28,0,31,3,39,40,10,10,10,10,43,27,17,24,14,0,2,25,24,41,11,11,11,11,43,18,25,15,22,0,19,18,38,42,12,12,12,12,42,18,22,16,0,19,42,43,13,13,13,43,32,13,28,33,0,32,31,40,44,7,7,7,7,43,29,21,11,12,0,36,45,46,37,10,10,10,10,43,23,27,14,10,0,3,2,41,39,14,14,14,14,43,8,0,21,29,0,47,48,45,36,15,15,15,15,42,4,18,16,0,16,19,43,16,16,16,43,1,7,23,13,0,30,0,3,31,15,15,15,15,43,9,8,29,25,0,17,47,36,18,17,17,17,17,43,6,2,17,27,0,1,35,25,2,18,18,18,18,43,20,32,33,19,0,10,32,44,33,7,7,7,7,43,3,31,32,20,0,9,29,32,10,19,19,19,19,43,5,30,31,3,0,5,12,15,6,1,1,1,1,43,39,36,37,40,0,49,11,34,50,7,7,7,7,43,38,35,36,39,0,51,8,11,49,15,15,15,15,43,41,34,35,38,0,52,4,7,53,1,1,1,1,43,45,41,38,42,0,54,52,53,55,1,1,1,1,43,42,38,39,43,0,56,51,49,57,19,19,19,19,43,43,39,40,44,0,57,49,50,58,7,7,7,7,43,21,43,44,11,0,45,57,58,46,7,7,7,7,43,0,42,43,21,0,48,56,57,45,19,19,19,19,43,42,0,4,45,0,55,22,21,54,20,20,20,20],
    "normals":[0.424293,0,-0.905525,1,-0,0,0.72132,0.692602,0,0.485252,-0.339039,0.805967,1,0,0,0.651814,0.753354,0.0871515,1,-0,0,0.629112,-0.777314,0,0.47226,-0.465072,-0.748785,0.25163,-8.96182e-08,-0.967823,0.629112,-0.777314,0,0.448045,0.375018,0.811552,0.448046,0.375018,-0.811552,0.625228,0.659092,-0.417957,0.25163,8.96182e-08,0.967823,0.72132,0.692602,0,0.590553,-0.681519,0.432179,0.437994,0,0.898978,0.473632,-0.3415,-0.811819,0.72132,0.692602,0,1,0,0],
    "metadata":{
        "version":3,
        "materials":1,
        "type":"Geometry",
        "normals":21,
        "uvs":1,
        "vertices":46,
        "faces":36,
        "generator":"io_three"
    },
    "uvs":[[0.0852194,0.125893,0.0855965,0.644586,0.0500115,0.650376,0.0609798,0.0854516,0.750582,0.927518,0.736742,0.85561,0.73672,0.0723501,0.750558,0.0723498,0.248806,0.126114,0.235367,0.126147,0.235689,0.0843115,0.250509,0.0842762,0.702893,0.905952,0.633533,0.831205,0.633512,0.072353,0.70287,0.0723511,0.385126,0.700529,0.385791,0.628973,0.42253,0.633768,0.41881,0.71635,0.89478,0.732945,0.843179,0.83125,0.843159,0.0724035,0.894763,0.0724021,0.0306629,0.74575,0.0550479,0.723868,0.0750937,0.775004,0.581926,0.732903,0.581908,0.0723545,0.202479,0.126218,0.135131,0.126256,0.12571,0.0847979,0.199468,0.0844159,0.235497,0.0490141,0.251555,0.0489786,0.0869716,0.714332,0.41031,0.0846074,0.429302,0.0514757,0.454856,0.643235,0.0417957,0.0523325,0.115579,0.049705,0.0175929,0.661732,0.450726,0.733422,0.405571,0.74919,0.196202,0.0491356,0.345732,0.0842449,0.355477,0.0491248,0.385563,0.125162,0.3356,0.125762,0.287853,0.0842127,0.292093,0.0489275,0.282728,0.126015,0.785496,0.869412,0.785475,0.0723488,0.799409,0.89318,0.799387,0.0724047,0.29309,0.12598,0.299275,0.0842001,0.304489,0.0489273]]
}