{
    "vertices":[-0.752757,2.832,-7.88897,0.747243,2.832,-7.88897,-0.00275654,3.20921,-7.88897,-1.12776,2.49863,-7.88897,-1.12776,-0.00500011,-7.88897,1.12224,-0.00500011,-7.88897,1.12224,2.49863,-7.88897,-1.31417,-0.00500011,-7.88234,1.31417,-0.00500011,-7.88234,-1.31417,2.663,-7.88234,1.31417,2.663,-7.88234,0.00137833,3.35889,-7.77869,-0.82579,2.94288,-7.77869,0.828547,2.94288,-7.77869,0.895579,3.06047,-7.88234,-1.20583,-0.00500011,-7.77869,-0.892822,3.06047,-7.88234,1.20583,2.5752,-7.77869,0.00137836,3.51019,-7.88234,-1.20583,2.5752,-7.77869,1.20583,-0.00500011,-7.77869,-0.377757,3.02061,-7.88897,0.372243,3.02061,-7.88897,-0.0777565,3.17149,-7.88897,0.0722435,3.17149,-7.88897,-0.377757,3.02061,-7.78187,-0.752757,2.832,-7.78187,0.372243,-0.00500011,-7.78187,0.747244,-0.00500011,-7.78187,-0.71722,1.07032,-7.78428,-0.752757,-0.00500011,-7.78187,-1.12776,-0.00500011,-7.78187,1.12224,2.49863,-7.78187,0.747244,2.832,-7.78187,0.71722,1.07032,-7.78428,-1.12776,2.49863,-7.78187,1.12224,-0.00500011,-7.78187,0.372243,3.02061,-7.78187,-0.377757,-0.00500011,-7.78187,0.18278,1.07032,-7.78428,0.03,3.17149,-7.78187,-0.00275652,3.20921,-7.85,-0.18278,1.07032,-7.78428,-0.03,3.17149,-7.78187,-0.03,-0.00500011,-7.78187,-0.00275652,-0.00500011,-7.85,0.03,-0.00500011,-7.78187,-0.03,1.71503,-7.78187,-0.00275652,1.73389,-7.85,0.03,1.71503,-7.78187,-0.71722,0.950734,-7.78428,0.71722,0.950734,-7.78428,-0.18278,0.950734,-7.78428,0.18278,0.950734,-7.78428,-0.00275652,1.59938,-7.85,-0.03,1.58198,-7.78187,0.03,1.58198,-7.78187,-0.583869,1.04048,-7.72288,-0.316131,1.04048,-7.72288,0.316131,1.04048,-7.72289,0.583869,1.04048,-7.72289,-0.583869,0.980573,-7.72288,0.583869,0.980573,-7.72289,-0.316131,0.980573,-7.72288,0.316131,0.980573,-7.72289],
    "faces":[43,4,3,19,15,0,0,1,2,3,0,0,0,0,43,1,6,17,13,0,4,5,6,7,1,1,1,1,43,6,1,33,32,0,8,9,10,11,2,2,2,2,42,12,0,21,0,17,12,13,3,3,3,42,23,2,11,0,14,15,16,4,4,4,42,12,21,23,0,17,13,14,5,5,5,42,23,11,12,0,14,16,17,6,6,6,43,12,11,18,16,0,18,19,20,21,7,7,7,7,43,17,20,8,10,0,22,23,24,25,8,8,8,8,43,19,12,16,9,0,26,18,21,27,9,9,9,9,43,13,17,10,14,0,28,22,25,29,10,10,10,10,43,11,13,14,18,0,30,28,29,31,11,11,11,11,43,15,19,9,7,0,32,26,27,33,12,12,12,12,42,11,2,24,0,37,34,35,13,13,13,42,24,22,1,0,35,36,4,14,14,14,42,1,13,11,0,4,7,37,15,15,15,42,24,1,11,0,35,4,37,16,16,16,43,6,5,20,17,0,5,38,39,6,17,17,17,17,43,3,0,12,19,0,1,12,17,2,18,18,18,18,43,23,21,25,43,0,40,41,42,43,19,19,19,19,43,3,4,31,35,0,44,45,46,47,20,20,20,20,43,22,24,40,37,0,48,49,50,51,21,21,21,21,43,1,22,37,33,0,9,48,51,10,22,22,22,22,43,0,3,35,26,0,52,44,47,53,23,23,23,23,43,24,2,41,40,0,49,54,55,50,24,24,24,24,43,52,50,30,38,0,56,57,58,59,25,25,25,25,42,36,32,33,0,65,60,61,26,26,26,42,33,34,51,0,61,62,63,27,27,27,42,51,28,36,0,63,64,65,28,28,28,42,33,51,36,0,61,63,65,29,29,29,42,29,26,35,0,69,66,67,30,30,30,42,35,31,30,0,67,68,58,31,31,31,42,30,50,29,0,58,57,69,32,32,32,42,35,30,29,0,67,58,69,33,33,33,43,25,26,29,42,0,70,66,69,71,34,34,34,34,43,51,53,27,28,0,63,72,73,64,35,35,35,35,43,33,37,39,34,0,61,74,75,62,36,36,36,36,43,56,49,48,54,0,76,77,78,79,37,37,37,37,43,43,47,48,41,0,80,81,82,83,38,38,38,38,43,55,54,48,47,0,84,85,82,81,39,39,39,39,43,49,39,37,40,0,86,75,74,87,40,40,40,40,43,52,55,47,42,0,56,88,89,71,41,41,41,41,43,25,42,47,43,0,70,71,89,90,42,42,42,42,43,48,49,40,41,0,78,77,91,92,43,43,43,43,43,53,39,49,56,0,72,75,86,93,44,44,44,44,43,21,0,26,25,0,41,52,53,42,45,45,45,45,43,5,6,32,36,0,94,8,11,95,46,46,46,46,43,2,23,43,41,0,96,40,43,97,47,47,47,47,43,27,53,56,46,0,73,72,93,98,48,48,48,48,43,38,44,55,52,0,59,99,88,56,49,49,49,49,43,44,45,54,55,0,100,101,85,84,50,50,50,50,43,46,56,54,45,0,102,76,79,103,51,51,51,51,43,53,51,62,64,0,104,105,106,107,52,52,52,52,43,52,42,58,63,0,108,109,110,111,53,53,53,53,43,60,59,64,62,0,112,113,107,106,54,54,54,54,43,58,57,61,63,0,114,115,116,117,54,54,54,54,43,42,29,57,58,0,118,119,115,114,55,55,55,55,43,29,50,61,57,0,120,121,122,123,56,56,56,56,43,39,53,64,59,0,124,125,126,127,57,57,57,57,43,50,52,63,61,0,128,129,117,116,52,52,52,52,43,34,39,59,60,0,130,131,113,112,55,55,55,55,43,51,34,60,62,0,132,133,134,135,58,58,58,58],
    "materials":[{
        "mapBumpRepeat":[1,1],
        "colorEmissive":[0,0,0],
        "mapSpecularRepeat":[1,1],
        "shading":"phong",
        "DbgName":"Door",
        "colorDiffuse":[0.64,0.64,0.64],
        "DbgIndex":0,
        "mapDiffuseWrap":["repeat","repeat"],
        "mapSpecularWrap":["repeat","repeat"],
        "blending":1,
        "mapBumpScale":1,
        "depthWrite":true,
        "mapSpecularAnisotropy":1,
        "transparent":false,
        "specularCoef":50,
        "wireframe":false,
        "doubleSided":false,
        "DbgColor":15658734,
        "visible":true,
        "mapDiffuseAnisotropy":1,
        "mapBumpWrap":["repeat","repeat"],
        "mapBumpAnisotropy":1,
        "mapSpecular":"Door_Pew_Specular.png",
        "opacity":1,
        "colorSpecular":[0.5,0.5,0.5],
        "depthTest":true,
        "mapDiffuseRepeat":[1,1],
        "mapDiffuse":"Door_Pew_Diffuse.png",
        "mapBump":"Door_Pew_Height.png"
    }],
    "uvs":[[0.705613,0.0135768,0.675678,0.706969,0.631477,0.726242,0.662328,0.0116435,0.586549,0.156215,0.577366,0.248843,0.532957,0.229656,0.541795,0.127528,0.82155,0.211591,0.830427,0.118411,0.869879,0.116762,0.861002,0.209942,0.684502,0.799575,0.695058,0.852087,0.703502,0.894097,0.705613,0.904599,0.663346,0.944183,0.640064,0.828352,0.388552,0.830911,0.412598,0.948184,0.372619,0.988357,0.346624,0.861581,0.478502,0.271714,0.509998,0.986284,0.468125,0.9882,0.435558,0.249316,0.379751,0.728145,0.336737,0.75046,0.486876,0.169014,0.444977,0.138269,0.509998,0.0518812,0.469972,0.0116435,0.412598,0.0136398,0.370701,0.0116435,0.608518,0.0511419,0.606321,0.0616492,0.597533,0.103678,0.566024,0.0116435,0.608518,0.942178,0.565062,0.944197,0.757574,0.893902,0.748781,0.851385,0.788103,0.853099,0.798591,0.895733,0.728572,0.704999,0.759268,0.0116435,0.798591,0.0133575,0.767895,0.706713,0.841002,0.0653272,0.849462,0.0228601,0.890354,0.021116,0.880454,0.0636784,0.737789,0.798238,0.777111,0.799952,0.851577,0.0122434,0.865934,0.0116435,0.132013,0.276597,0.0638444,0.276597,0.0593116,0.0116435,0.107144,0.0116435,0.17446,0.198176,0.222292,0.105757,0.226121,0.594139,0.226121,0.627292,0.222292,0.892245,0.17446,0.892245,0.0593116,0.798132,0.0114797,0.705713,0.0114797,0.0116435,0.0638444,0.30975,0.107144,0.850417,0.132013,0.30975,0.29429,0.627292,0.270124,0.892245,0.270124,0.0534716,0.29429,0.594139,0.939514,0.451585,0.939514,0.488468,0.913314,0.493718,0.913314,0.456431,0.962473,0.892228,0.962473,0.488469,0.98852,0.49372,0.98852,0.902708,0.962473,0.451586,0.98852,0.456433,0.313778,0.415411,0.313778,0.0116435,0.151501,0.451595,0.151501,0.488478,0.151501,0.892245,0.939514,0.892226,0.913314,0.902705,0.313778,0.452294,0.850902,0.905008,0.890354,0.903359,0.759772,0.904532,0.774082,0.905156,0.313778,0.892245,0.151501,0.0116435,0.962473,0.0116435,0.98852,0.0116664,0.939514,0.0116435,0.913314,0.0116653,0.0114797,0.984674,0.0114797,0.915532,0.019627,0.932785,0.019627,0.967422,0.251911,0.915532,0.251911,0.948684,0.224722,0.940476,0.224722,0.923868,0.0360017,0.932785,0.0360018,0.967422,0.0752893,0.967421,0.0752893,0.932784,0.0916641,0.932784,0.0916641,0.967421,0.0671252,0.984674,0.0671252,0.915532,0.122771,0.948684,0.122771,0.915532,0.150073,0.92387,0.150073,0.940478,0.201762,0.915532,0.201762,0.948684,0.17446,0.940346,0.17446,0.923738,0.0998114,0.915532,0.0998114,0.984674,0.0441658,0.915532,0.0441659,0.984674,0.30206,0.915532,0.30206,0.948684,0.274871,0.940476,0.274871,0.923868]],
    "metadata":{
        "version":3,
        "type":"Geometry",
        "vertices":65,
        "faces":62,
        "materials":1,
        "uvs":1,
        "generator":"io_three",
        "normals":59
    },