{
    "vertices":[-5.96594,-0.00999961,9,5.96594,-0.00999961,9,-5.96594,-0.0100004,-9,5.96594,-0.0100004,-9,2.30413,-0.00999992,1.91334,2.71078,-0.0100002,1.3103,3.05608,-0.0100003,-0.458921,2.61727,-0.01,-0.690252,0.988984,-0.0100003,-0.967832,0.573097,-0.01,-0.0555052,0.805328,-0.0099999,2.22089,2.30413,-0.141261,1.91334,2.71078,-0.141261,1.3103,3.05608,-0.141261,-0.458921,2.61727,-0.141261,-0.690252,2.03669,-0.219788,-0.426371,1.62895,-0.219788,-0.677001,0.988984,-0.0100003,-0.967832,0.573097,-0.01,-0.0555052,0.810378,-0.290593,0.491782,0.805328,-0.0099999,2.22089,1.44635,-0.394706,-0.208632,1.86572,-0.290593,0.109276,2.23433,-0.290594,-0.0149215,2.65478,-0.290594,-0.163963,2.62162,-0.290593,0.471593,2.41901,-0.290593,1.16874,1.8684,-0.198608,0.988191,1.89909,-0.290594,1.68593,1.31021,-0.290593,1.80627,0.995314,-0.290593,1.45784,1.30483,-0.290593,0.735054,0.988145,-0.290593,-0.335788],
    "faces":[42,0,4,10,0,0,1,2,0,0,0,42,1,6,5,0,3,4,5,1,1,1,42,1,5,4,0,3,5,1,2,2,2,42,1,4,0,0,3,1,0,3,3,3,42,10,9,0,0,2,6,0,4,4,4,42,6,1,3,0,4,3,7,5,5,5,42,2,0,9,0,8,0,6,6,6,6,42,2,9,8,0,8,6,9,7,7,7,42,6,3,7,0,4,7,10,8,8,8,42,7,3,2,0,10,7,8,9,9,9,42,2,8,7,0,8,9,10,10,10,10,43,10,4,11,20,0,11,12,13,14,11,11,11,11,43,4,5,12,11,0,12,15,16,13,12,12,12,12,43,6,7,14,13,0,17,18,19,20,13,13,13,13,43,7,8,17,14,0,18,21,22,19,14,14,14,14,43,8,9,18,17,0,9,6,6,9,15,15,15,15,43,9,10,20,18,0,6,2,2,6,15,15,15,15,43,5,6,13,12,0,15,17,20,16,16,16,16,16,42,17,16,14,0,23,24,25,17,17,17,42,17,32,16,0,23,26,24,18,18,18,42,11,26,28,0,27,28,29,19,19,19,42,22,31,27,0,30,31,32,20,20,20,42,19,18,20,0,33,34,35,21,21,21,42,16,15,14,0,24,36,25,22,22,22,42,24,13,14,0,37,38,25,23,23,23,42,15,16,21,0,36,24,39,24,24,24,42,24,14,23,0,37,25,40,25,25,25,42,22,23,15,0,41,40,36,26,26,26,42,21,22,15,0,42,43,44,27,27,27,42,14,15,23,0,25,36,40,28,28,28,42,17,18,32,0,45,34,46,29,29,29,42,32,21,16,0,26,39,24,30,30,30,42,18,19,32,0,34,33,46,31,31,31,42,20,11,29,0,47,27,48,32,32,32,42,12,13,25,0,49,50,51,33,33,33,42,13,24,25,0,50,52,51,34,34,34,42,30,31,19,0,53,54,55,35,35,35,42,30,19,20,0,56,33,35,36,36,36,42,12,25,26,0,49,51,57,37,37,37,42,26,27,28,0,58,59,60,38,38,38,42,29,30,20,0,61,56,35,39,39,39,42,12,26,11,0,62,28,27,40,40,40,42,28,29,11,0,29,48,27,41,41,41,42,25,24,23,0,63,64,65,42,42,42,42,22,21,31,0,30,66,31,43,43,43,42,25,23,26,0,63,65,67,44,44,44,42,27,26,23,0,68,69,70,45,45,45,42,29,28,27,0,71,60,59,46,46,46,42,31,30,29,0,54,53,72,47,47,47,42,32,19,31,0,73,55,54,48,48,48,42,27,23,22,0,32,74,30,49,49,49,42,21,32,31,0,75,76,77,50,50,50,42,31,29,27,0,78,79,80,51,51,51],
    "materials":[{
        "mapBumpRepeat":[1,1],
        "colorEmissive":[0,0,0],
        "mapSpecularRepeat":[1,1],
        "shading":"phong",
        "DbgName":"Floor",
        "colorDiffuse":[0.64,0.64,0.64],
        "DbgIndex":0,
        "mapDiffuseWrap":["repeat","repeat"],
        "mapSpecularWrap":["repeat","repeat"],
        "blending":1,
        "mapBumpScale":1,
        "depthWrite":true,
        "mapSpecularAnisotropy":1,
        "transparent":false,
        "specularCoef":50,
        "wireframe":false,
        "doubleSided":true,
        "DbgColor":15658734,
        "visible":true,
        "mapDiffuseAnisotropy":1,
        "mapBumpWrap":["repeat","repeat"],
        "mapBumpAnisotropy":1,
        "mapSpecular":"Floor_Material.004_Specular.png",
        "opacity":1,
        "colorSpecular":[0.5,0.5,0.5],
        "depthTest":true,
        "mapDiffuseRepeat":[1,1],
        "mapDiffuse":"Floor_Material.004_Diffuse.png",
        "mapBump":"Floor_Material.004_Normal.png"
    }],
    "uvs":[[0.852163,0.893178,0.270252,0.546728,0.375713,0.561763,0.0125936,0.893178,0.217342,0.430753,0.241638,0.517247,0.392053,0.450476,0.0125935,0.0131998,0.852163,0.0131997,0.36279,0.405874,0.248218,0.419444,0.686069,0.642841,0.678453,0.695624,0.535489,0.695347,0.681252,0.642816,0.677397,0.715532,0.534434,0.715255,0.675135,0.758215,0.674275,0.774443,0.531311,0.774166,0.532172,0.757938,0.676463,0.831662,0.671242,0.831652,0.987406,0.166915,0.953858,0.118178,0.987406,0.046225,0.918223,0.163586,0.87735,0.407879,0.945615,0.388712,0.943109,0.432016,0.918762,0.687904,0.88441,0.719128,0.87735,0.6612,0.887199,0.261743,0.949882,0.232663,0.949882,0.345261,0.950454,0.0873771,0.920333,0.0404118,0.984465,0.0131997,0.87735,0.12851,0.916185,0.0708702,0.912671,0.0975943,0.95285,0.856633,0.932815,0.804279,0.95285,0.767696,0.936176,0.193315,0.880138,0.223785,0.883715,0.518707,0.945615,0.475554,0.877598,0.6348,0.87735,0.545107,0.941501,0.598519,0.944021,0.56758,0.907628,0.852086,0.87735,0.824471,0.907628,0.802928,0.884873,0.310508,0.943509,0.6348,0.931795,0.967208,0.87735,0.967208,0.913855,0.933614,0.87735,0.330913,0.881591,0.37166,0.253292,0.949338,0.262344,0.979026,0.231955,0.979026,0.936714,0.741296,0.231976,0.919578,0.0562393,0.9868,0.0125935,0.957312,0.0562393,0.919578,0.886562,0.901294,0.890849,0.874895,0.884901,0.767696,0.936714,0.66737,0.0814264,0.936591,0.132286,0.919578,0.132286,0.975209,0.206768,0.973906,0.157473,0.973906,0.197963,0.919578]],
    "metadata":{
        "version":3,
        "type":"Geometry",
        "vertices":33,
        "faces":53,
        "materials":1,
        "uvs":1,
        "generator":"io_three",
        "normals":52
    },
    "normals":[-3.33598e-10,1,-4.40204e-08,-5.01797e-08,1,-5.3485e-08,3.32912e-07,1,-2.15653e-07,0,1,-4.36311e-08,-8.0716e-11,1,-4.37678e-08,-8.20889e-08,1,-4.36687e-08,5.66045e-11,1,-4.36687e-08,2.19541e-07,1,-2.04126e-07,4.49628e-07,1,1.37482e-07,0,1,-4.37096e-08,-1.77697e-07,1,1.39835e-07,-0.20101,0,-0.979589,-0.829099,0,-0.559101,-0.466343,0,0.884604,-0.168049,0,0.985779,0,0,0,-0.981482,0,-0.191555,-0.05106,0.753274,0.655722,0.114385,0.907925,0.403221,-0.223522,0.948444,-0.224703,-0.114974,0.988009,-0.103052,0.836658,0.541035,-0.0853534,-0.076916,0.989154,0.125132,-0.14745,0.948698,0.279698,-0.174586,0.942787,0.284029,0.0941319,0.959492,0.265545,0.049308,0.988005,0.14634,-0.269915,0.96201,0.0410121,-0.0459081,0.980556,0.190795,0.665774,0.681642,0.303495,0.102386,0.918138,0.382806,0.61483,0.777523,0.132069,-0.0543571,0.794981,-0.604194,-0.506045,0.856834,-0.0987645,-0.360817,0.932447,-0.018823,2.84852e-07,1,-5.78968e-07,0.636148,0.761896,-0.12178,-0.406409,0.906024,-0.118115,0.123696,0.984498,0.124351,0.29306,0.918677,-0.264856,-0.349667,0.906715,-0.235797,-0.088298,0.897493,-0.432098,-5.58876e-07,1,-1.57658e-06,-0.144992,0.980861,-0.129957,-2.45031e-06,1,-7.09039e-08,0.17334,0.984491,-0.0270452,0.0264667,0.991224,0.129513,1.48947e-06,1,-6.31153e-08,1.60243e-08,1,-3.25697e-08,-0.0350128,0.993969,-0.10392,0.239678,0.968261,-0.0708819,-0.161442,0.986882,0.000809956]
}