{
    "materials":[{
        "mapBumpScale":1,
        "specularCoef":50,
        "DbgColor":15658734,
        "mapDiffuseAnisotropy":1,
        "DbgName":"Stage",
        "depthTest":true,
        "shading":"phong",
        "depthWrite":true,
        "doubleSided":false,
        "mapSpecularWrap":["repeat","repeat"],
        "visible":true,
        "mapBumpRepeat":[1,1],
        "colorSpecular":[0.5,0.5,0.5],
        "mapDiffuseWrap":["repeat","repeat"],
        "opacity":1,
        "colorDiffuse":[0.64,0.64,0.64],
        "blending":1,
        "mapDiffuseRepeat":[1,1],
        "colorEmissive":[0,0,0],
        "mapBumpAnisotropy":1,
        "mapBumpWrap":["repeat","repeat"],
        "wireframe":false,
        "DbgIndex":0,
        "mapSpecular":"Stage_Material.002_Specular.png",
        "mapDiffuse":"Stage_Material.002_Diffuse.png",
        "mapBump":"Stage_Material.002_Height.png",
        "mapSpecularRepeat":[1,1],
        "transparent":false,
        "mapSpecularAnisotropy":1
    }],
    "vertices":[-0.2,0.49432,5.14454,-0.2,1.21235,5.14454,-0.2,0.49432,4.74454,-0.2,1.48337,4.74454,0.2,0.49432,5.14454,0.2,1.21235,5.14454,0.2,0.49432,4.74454,0.2,1.48337,4.74454],
    "faces":[43,2,0,1,3,0,2,3,0,1,0,0,0,0,43,3,7,6,2,0,1,4,5,2,1,1,1,1,43,7,5,4,6,0,4,6,7,5,2,2,2,2,43,0,4,5,1,0,10,11,8,9,3,3,3,3,43,5,7,3,1,0,12,13,14,15,4,4,4,4],
    "normals":[-1,-0,0,0,-4.82114e-07,-1,1,-0,0,0,0,1,0,0.827861,0.560933],
    "metadata":{
        "version":3,
        "materials":1,
        "type":"Geometry",
        "normals":5,
        "uvs":1,
        "vertices":8,
        "faces":5,
        "generator":"io_three"
    },
    "uvs":[[0.412201,0.0668421,0.33211,0.0776956,0.33211,0.0380882,0.412201,0.0380882,0.252018,0.0776956,0.252018,0.0380882,0.171927,0.0668421,0.171927,0.0380882,0.829316,0.585656,0.688493,0.585656,0.688493,0.419442,0.829316,0.419442,0.829316,0.392909,0.829316,0.535019,0.688493,0.535019,0.688493,0.392909]]
}