{
    "materials":[{
        "mapBumpScale":1,
        "specularCoef":50,
        "DbgColor":15658734,
        "mapDiffuseAnisotropy":1,
        "DbgName":"Rubble",
        "depthTest":true,
        "shading":"phong",
        "depthWrite":true,
        "doubleSided":false,
        "mapSpecularWrap":["repeat","repeat"],
        "visible":true,
        "mapBumpRepeat":[1,1],
        "colorSpecular":[0.5,0.5,0.5],
        "mapDiffuseWrap":["repeat","repeat"],
        "opacity":1,
        "colorDiffuse":[0.64,0.64,0.64],
        "blending":1,
        "mapDiffuseRepeat":[1,1],
        "colorEmissive":[0,0,0],
        "mapBumpAnisotropy":1,
        "mapBumpWrap":["repeat","repeat"],
        "wireframe":false,
        "DbgIndex":0,
        "mapSpecular":"Rubble_DefaultMaterial_Specular.png",
        "mapDiffuse":"Rubble_DefaultMaterial_Diffuse.png",
        "mapBump":"Rubble_DefaultMaterial_Height.png",
        "mapSpecularRepeat":[1,1],
        "transparent":false,
        "mapSpecularAnisotropy":1
    }],
    "vertices":[-5.07811,-0.00241661,-6.57317,-5.13332,-0.0665417,-6.41356,-5.09365,0.834436,-6.0331,-5.04293,-0.0706005,-6.67609,-5.15132,0.167437,-4.85057,-5.15106,0.369518,-5.18151,-5.13114,0.554087,-6.4167,-4.45989,0.27017,-6.41356,-5.16048,-0.199486,-4.68745,-4.93253,0.738932,-5.77576,-4.93253,0.405382,-5.14516,-4.93253,0.535847,-6.22785,-4.93253,0.749237,-5.96622,-4.96305,0.202793,-6.54136,-4.93253,0.470081,-6.41577,-3.56807,-0.0278969,-6.7294,-4.45989,0.27017,-5.06671,-4.93253,0.199945,-4.91896,-4.93253,0.0738678,-4.86369,-4.93253,0.270372,-4.92399,-4.93253,0.498266,-6.4186,-4.437,0.358997,-6.42335,-3.58841,0.134808,-6.41356,-4.47728,-0.168009,-4.86342,-4.49183,0.477709,-5.07188,-3.20804,-0.0665417,-5.74014,-4.44418,0.490999,-5.7635,-3.78646,0.27017,-5.06671,-4.17458,0.323082,-5.49347,-3.79663,0.294493,-5.75085,-4.11852,0.319069,-6.30221,-3.78646,0.27017,-5.74014,-3.78646,-0.0665417,-5.06671,-5.10756,-0.0373402,-6.4986,-5.06922,0.277134,-6.50142,-4.75323,0.101688,-6.55066,-5.09022,-0.0655441,-6.54573,-4.7715,0.138241,-6.51353,-5.15501,-0.0150948,-4.76058,-5.14909,0.276844,-4.9956,-5.00822,0.625053,-5.54922,-4.99922,0.793861,-5.90246,-5.04644,0.391678,-5.15207,-5.02052,0.549271,-6.33251,-5.07708,0.703552,-6.25552,-5.00506,0.795143,-6.00216,-5.01381,0.0991135,-6.55407,-5.03018,0.513035,-6.42476,-4.95065,0.335941,-6.47364,-5.04426,-0.0624428,-4.7704,-4.702,0.235981,-5.0096,-4.93403,0.136698,-4.89323,-5.03053,0.527365,-6.4205,-4.70269,0.366383,-6.38392,-4.9307,0.484123,-6.41925,-4.93113,0.235226,-4.91769,-5.03983,0.219398,-4.87827,-5.0381,0.184143,-4.87166,-4.81977,-0.184101,-4.77914,-4.31376,-0.0103302,-6.80634,-3.29099,-0.00612259,-6.26368,-4.69143,0.422569,-6.40531,-4.92703,0.520761,-6.32615,-4.72061,0.381367,-4.98198,-4.92678,0.342182,-5.02406,-4.71088,0.61059,-5.85914,-4.68972,0.518742,-5.99219,-4.92817,0.642473,-6.09681,-4.01358,0.219498,-6.43609,-4.44495,0.314186,-6.42473,-3.46856,0.114138,-5.73736,-3.5736,0.0563583,-6.57716,-4.46435,0.0527725,-4.95013,-3.98363,0.313404,-5.26894,-4.46322,0.374565,-5.04709,-4.12318,0.281765,-5.05312,-4.7149,0.444885,-5.1053,-4.71915,0.610962,-5.41553,-4.91481,0.581039,-5.44167,-4.1235,-0.113731,-4.92956,-3.4384,-0.0462189,-5.35288,-4.92135,0.748619,-5.87001,-4.43501,0.517136,-5.4129,-4.30404,0.405519,-5.26825,-4.27492,0.340847,-6.36787,-4.41168,0.454411,-6.11665,-4.12927,0.385468,-5.75559,-3.76796,0.101814,-5.04849,-3.74424,0.291119,-5.40343,-3.78983,0.282513,-5.74548,-3.98478,0.314243,-5.62338,-3.66117,0.22139,-6.08432,-3.84794,0.231771,-6.36356,-3.93628,0.320972,-6.03643,-4.46803,0.210201,-5.68916,-3.79403,0.27446,-6.06254,-3.86715,0.30909,-5.50213,-3.56481,0.126684,-5.36835,-4.17203,0.385586,-6.07542,-4.19533,0.411486,-5.5069,-4.68984,0.62746,-5.63692,-4.21381,0.350178,-5.14404,-4.11408,0.0848694,-4.96948,-3.46979,0.112986,-6.17131,-4.141,0.280609,-6.40624,-4.67375,0.4834,-6.21069,-4.70546,0.308289,-4.98372,-4.69333,0.393921,-6.39847,-5.03854,0.311939,-4.99917,-5.04094,0.060894,-4.82058,-4.16031,0.108339,-6.62586,-5.01662,0.306007,-6.48788,-4.85787,0.233025,-6.47143,-4.99202,0.675461,-6.17799,-4.96755,0.611469,-5.4837,-4.93403,0.0334129,-6.53614],