{
    "materials":[{
        "mapBumpScale":1,
        "specularCoef":50,
        "DbgColor":15658734,
        "mapDiffuseAnisotropy":1,
        "DbgName":"SmallWindow1",
        "depthTest":true,
        "shading":"phong",
        "depthWrite":true,
        "doubleSided":false,
        "mapSpecularWrap":["repeat","repeat"],
        "visible":true,
        "mapBumpRepeat":[1,1],
        "colorSpecular":[0.5,0.5,0.5],
        "mapDiffuseWrap":["repeat","repeat"],
        "opacity":1,
        "colorDiffuse":[0.64,0.64,0.64],
        "blending":1,
        "mapDiffuseRepeat":[1,1],
        "colorEmissive":[0,0,0],
        "mapBumpAnisotropy":1,
        "mapBumpWrap":["repeat","repeat"],
        "wireframe":false,
        "DbgIndex":0,
        "mapSpecular":"SmallWindow_DefaultMaterial_Glossiness.png",
        "mapDiffuse":"SmallWindow_DefaultMaterial_Diffuse.png",
        "mapBump":"SmallWindow_DefaultMaterial_Height.png",
        "mapSpecularRepeat":[1,1],
        "transparent":false,
        "mapSpecularAnisotropy":1
    }],
    "vertices":[0.249081,-1.24143,-0.0522246,-0.250919,-1.24143,-0.0522246,-0.250919,1.332,-0.0522248,-0.000918848,-1.24143,-0.0522246,0.249081,1.332,-0.0522248,-0.000918848,1.70921,-0.0522248,-0.375919,0.998633,-0.0522247,-0.375919,-1.24143,-0.0522246,0.374081,-1.24143,-0.0522246,0.374081,0.998633,-0.0522247,-0.481277,-1.50776,-0.0433349,0.298526,-1.50776,-0.0433349,0.482196,-1.50776,-0.0433349,-0.275263,-1.39534,0.0955596,-0.481277,1.163,-0.043335,0.482196,1.163,-0.043335,0.000459449,1.85889,0.0955595,-0.275263,1.44288,0.0955595,0.276182,1.44288,0.0955595,0.000459451,-1.50776,-0.0433349,0.000459449,-1.39534,0.0955596,0.276182,-1.39534,0.0955596,0.298526,1.56047,-0.0433351,-0.445165,-1.39534,0.0955596,-0.297607,1.56047,-0.0433351,0.446083,1.0752,0.0955595,0.000459451,2.01019,-0.0433351,-0.445165,1.0752,0.0955595,-0.297607,-1.50776,-0.0433349,0.446083,-1.39534,0.0955596],
    "faces":[43,7,6,27,23,0,0,1,2,3,0,0,0,0,43,3,0,4,5,0,6,7,4,5,1,1,1,1,43,0,3,20,21,0,8,9,10,11,2,2,2,2,43,5,2,1,3,0,5,12,13,6,3,3,3,3,43,4,9,25,18,0,14,15,16,17,4,4,4,4,43,0,8,9,4,0,7,19,18,4,5,5,5,5,43,2,5,16,17,0,20,21,22,23,6,6,6,6,43,2,6,7,1,0,12,24,25,13,7,7,7,7,43,3,1,13,20,0,9,26,27,10,8,8,8,8,43,21,20,19,11,0,11,10,28,29,9,9,9,9,43,17,16,26,24,0,23,22,30,31,10,10,10,10,43,25,29,12,15,0,16,32,33,34,11,11,11,11,43,13,23,10,28,0,27,3,35,36,12,12,12,12,43,27,17,24,14,0,2,23,31,37,13,13,13,13,43,18,25,15,22,0,17,16,34,38,14,14,14,14,43,16,18,22,26,0,22,17,38,30,15,15,15,15,43,20,13,28,19,0,10,27,36,28,16,16,16,16,43,29,21,11,12,0,32,11,29,33,16,16,16,16,43,23,27,14,10,0,3,2,37,35,17,17,17,17,43,8,0,21,29,0,39,8,11,32,18,18,18,18,43,5,4,18,16,0,21,14,17,22,19,19,19,19,43,1,7,23,13,0,26,0,3,27,18,18,18,18,43,9,8,29,25,0,15,39,32,16,20,20,20,20,43,6,2,17,27,0,1,20,23,2,21,21,21,21],
    "normals":[0.905525,1.93827e-08,0.424293,3.77534e-09,4.45087e-08,1,0,0.692602,0.72132,-3.77534e-09,4.45086e-08,1,-0.805968,-0.339039,0.485252,2.52338e-10,4.48877e-08,1,0.729817,-0.483702,0.483114,-2.52338e-10,4.48877e-08,1,0,0.692602,0.72132,0,-0.777314,0.629112,-0.714192,0.473347,0.515628,0.967823,1.07289e-08,0.251631,0,-0.777314,0.629112,-0.811552,0.375018,0.448045,0.811552,0.375018,0.448045,0.714192,0.473346,0.515628,0,-0.777314,0.629112,-0.967823,1.07289e-08,0.251631,0,0.692602,0.72132,-0.724998,-0.480508,0.493446,-0.898978,1.92426e-08,0.437993,0.811819,-0.3415,0.473632],
    "metadata":{
        "version":3,
        "materials":1,
        "type":"Geometry",
        "normals":22,
        "uvs":1,
        "vertices":30,
        "faces":24,
        "generator":"io_three"
    },
    "uvs":[[0.102232,0.133897,0.0924519,0.689821,0.0428162,0.715271,0.0593382,0.0900119,0.847739,0.818615,0.742214,0.932341,0.742214,0.0427296,0.847739,0.0427296,0.331526,0.130684,0.237583,0.124005,0.238951,0.0599964,0.353902,0.0721201,0.63669,0.818615,0.63669,0.0427296,0.323275,0.780634,0.36852,0.691292,0.418196,0.718291,0.353747,0.828396,0.900501,0.718104,0.900501,0.0427296,0.134997,0.778968,0.228169,0.872077,0.227926,0.933572,0.10445,0.826176,0.583928,0.718104,0.583927,0.0427296,0.144685,0.128377,0.12481,0.0701264,0.239486,0.000114502,0.379116,0.0174304,0.227284,0.999886,0.0771514,0.877053,0.419806,0.0934173,0.460118,0.0527118,0.460117,0.751,0.0202585,0.0487539,0.100848,0.0155822,0.000114502,0.746771,0.380051,0.879951,0.375146,0.136721]]
}