{
    "vertices":[-0.0354334,1.78814e-07,4.23325,-0.0354334,0.5,4.23325,0.354747,1.78814e-07,4.25246,0.354747,0.5,4.25246,0.729934,1.78814e-07,4.30937,0.729934,0.5,4.30937,1.07571,2.08616e-07,4.40178,1.07571,0.5,4.40178,1.37878,2.08616e-07,4.52614,1.37878,0.5,4.52614,1.62751,2.08616e-07,4.67768,1.62751,0.5,4.67768,1.81233,2.08616e-07,4.85057,1.81233,0.5,4.85057,1.92614,2.38419e-07,5.03816,1.92614,0.5,5.03816,1.96457,2.38419e-07,5.23325,1.96457,0.5,5.23325,-2.36553,0.5,5.55747,-2.36553,2.38419e-07,5.55747,2.29466,0.5,5.55747,2.29466,2.38419e-07,5.55747,-2.03543,2.38419e-07,5.23325,-2.03543,0.5,5.23325,-1.997,2.38419e-07,5.03816,-1.997,0.5,5.03816,-1.88319,2.08616e-07,4.85056,-1.88319,0.5,4.85056,-1.69837,2.08616e-07,4.67768,-1.69837,0.5,4.67768,-1.44965,2.08616e-07,4.52614,-1.44965,0.5,4.52614,-1.14657,2.08616e-07,4.40178,-1.14657,0.5,4.40178,-0.800798,1.78814e-07,4.30937,-0.800798,0.5,4.30937,-0.425611,1.78814e-07,4.25246,-0.425611,0.5,4.25246,3.36776,0.5,5.55747,3.36776,2.38419e-07,5.55747,3.36776,0.5,7.88063,3.36776,0.181934,5.55747,3.36776,0.5,6.27373,3.36776,0.181934,5.88437,3.36776,0.358586,5.55747,3.36776,0.358586,5.88437,3.36776,0.5,6.10463,3.36776,0.358586,6.10463,5.09566,0.181934,5.55747,5.09566,2.38419e-07,5.55747,5.09566,0.5,7.0424,5.09566,0.5,7.88063,5.09566,0.181934,6.27373,5.09566,0.358586,6.27373,5.09566,0.358586,7.0424,-3.43863,0.5,5.55747,-3.43863,2.38419e-07,5.55747,-3.43863,0.5,7.88063,-3.43863,0.181934,5.55747,-3.43863,0.5,6.27373,-3.43863,0.181934,5.88437,-3.43863,0.358586,5.55747,-3.43863,0.358586,5.88437,-3.43863,0.5,6.10463,-3.43863,0.358586,6.10463,-5.16653,0.181934,5.55747,-5.16653,2.38419e-07,5.55747,-5.16653,0.5,7.0424,-5.16653,0.5,7.88063,-5.16653,0.181934,6.27373,-5.16653,0.358586,6.27373,-5.16653,0.358586,7.0424,-0.0354334,0.5,5.55747,-0.0354334,0.5,5.23325],
    "faces":[43,0,1,3,2,0,0,1,2,3,0,0,0,0,43,2,3,5,4,0,3,2,4,5,1,1,1,1,43,4,5,7,6,0,5,4,6,7,2,2,2,2,43,6,7,9,8,0,8,9,10,11,3,3,3,3,43,8,9,11,10,0,11,10,12,13,4,4,4,4,43,10,11,13,12,0,13,12,14,15,5,5,5,5,43,12,13,15,14,0,15,14,16,17,6,6,6,6,43,14,15,17,16,0,17,16,18,19,7,7,7,7,43,16,17,20,21,0,20,21,22,23,8,8,8,8,43,73,23,18,72,0,24,25,26,27,9,9,9,9,43,22,23,25,24,0,28,29,30,31,10,10,10,10,43,24,25,27,26,0,31,30,32,33,11,11,11,11,43,26,27,29,28,0,33,32,34,35,12,12,12,12,43,28,29,31,30,0,35,34,36,37,13,13,13,13,43,30,31,33,32,0,37,36,38,39,14,14,14,14,43,32,33,35,34,0,40,41,42,43,15,15,15,15,43,34,35,37,36,0,43,42,44,45,16,16,16,16,43,1,0,36,37,0,1,0,45,44,17,17,17,17,43,23,22,19,18,0,46,47,48,49,18,18,18,18,42,39,21,41,0,50,51,52,19,19,19,42,61,55,18,0,53,54,55,20,20,20,42,18,19,58,0,55,56,57,21,21,21,42,20,44,41,0,58,59,52,22,22,22,42,21,20,41,0,51,58,52,23,23,23,43,41,44,45,43,0,60,61,62,63,24,24,24,24,43,47,46,50,54,0,64,65,66,67,25,25,25,25,42,38,46,45,0,68,69,62,26,26,26,43,39,41,48,49,0,70,71,72,73,27,27,27,27,43,41,43,52,48,0,74,75,76,77,28,28,28,28,43,45,47,54,53,0,78,79,80,81,29,29,29,29,43,43,45,53,52,0,82,83,84,85,30,30,30,30,43,46,40,51,50,0,86,87,88,89,31,31,31,31,43,58,60,62,61,0,90,91,92,93,32,32,32,32,43,64,71,67,63,0,94,95,96,97,33,33,33,33,42,55,62,63,0,98,92,99,34,34,34,43,56,66,65,58,0,100,101,102,103,19,19,19,19,43,58,65,69,60,0,104,105,106,107,35,35,35,35,43,62,70,71,64,0,108,109,110,111,36,36,36,36,43,60,69,70,62,0,112,113,114,115,37,37,37,37,43,63,67,68,57,0,116,117,118,119,38,38,38,38,42,58,61,18,0,57,53,55,39,39,39,42,19,56,58,0,56,120,57,40,40,40,42,20,38,44,0,58,121,59,22,22,22,42,59,40,42,0,122,123,124,41,41,41,43,17,73,72,20,0,125,24,27,126,9,9,9,9,42,45,44,38,0,62,61,68,42,42,42,42,38,42,46,0,127,127,127,43,43,43,42,47,45,46,0,128,62,69,42,42,42,42,62,55,61,0,92,98,93,44,44,44,42,55,63,59,0,127,127,127,43,43,43,42,64,63,62,0,129,99,92,44,44,44,43,20,72,18,59,0,126,27,26,122,45,45,45,45,42,59,63,57,0,127,127,127,42,42,42,42,18,55,59,0,26,130,122,9,9,9,42,42,38,20,0,124,131,126,9,9,9,42,40,46,42,0,127,127,127,44,44,44,42,59,57,40,0,122,132,123,41,41,41,42,42,20,59,0,124,126,122,46,46,46,42,1,73,3,0,133,24,134,47,47,47,42,15,73,17,0,135,24,125,48,48,48,42,13,73,15,0,136,24,135,9,9,9,42,11,73,13,0,137,24,136,48,48,48,42,9,73,11,0,138,24,137,9,9,9,42,7,73,9,0,139,24,138,49,49,49,42,5,73,7,0,140,24,139,50,50,50,42,3,73,5,0,134,24,140,51,51,51,42,37,73,1,0,141,24,133,52,52,52,42,35,73,37,0,142,24,141,53,53,53,42,33,73,35,0,143,24,142,54,54,54,42,31,73,33,0,144,24,143,55,55,55,42,29,73,31,0,145,24,144,56,56,56,42,27,73,29,0,146,24,145,56,56,56,42,25,73,27,0,147,24,146,56,56,56,42,73,25,23,0,24,147,25,45,45,45],
    "materials":[{
        "mapBumpRepeat":[1,1],
        "colorEmissive":[0,0,0],
        "mapSpecularRepeat":[1,1],
        "shading":"phong",
        "DbgName":"Stage",
        "colorDiffuse":[0.64,0.64,0.64],
        "DbgIndex":0,
        "mapDiffuseWrap":["repeat","repeat"],
        "mapSpecularWrap":["repeat","repeat"],
        "blending":1,
        "mapBumpScale":1,
        "depthWrite":true,
        "mapSpecularAnisotropy":1,
        "transparent":false,
        "specularCoef":50,
        "wireframe":false,
        "doubleSided":false,
        "DbgColor":15658734,
        "visible":true,
        "mapDiffuseAnisotropy":1,
        "mapBumpWrap":["repeat","repeat"],
        "mapBumpAnisotropy":1,
        "mapSpecular":"Stage_Material.002_Specular.png",
        "opacity":1,
        "colorSpecular":[0.5,0.5,0.5],
        "depthTest":true,
        "mapDiffuseRepeat":[1,1],
        "mapDiffuse":"Stage_Material.002_Diffuse.png",
        "mapBump":"Stage_Material.002_Height.png"
    }],