{
    "materials":[{
        "mapBumpScale":0.05,
        "specularCoef":498,
        "DbgColor":15658734,
        "mapDiffuseAnisotropy":1,
        "DbgName":"LeftWall",
        "depthTest":true,
        "shading":"phong",
        "depthWrite":true,
        "doubleSided":false,
        "mapSpecularWrap":["repeat","repeat"],
        "visible":true,
        "mapBumpRepeat":[1,1],
        "colorSpecular":[0.278146,0.278146,0.278146],
        "mapDiffuseWrap":["repeat","repeat"],
        "opacity":1,
        "colorDiffuse":[0.64,0.64,0.64],
        "blending":1,
        "mapDiffuseRepeat":[1,1],
        "colorEmissive":[0,0,0],
        "mapBumpAnisotropy":1,
        "mapBumpWrap":["repeat","repeat"],
        "wireframe":false,
        "DbgIndex":0,
        "mapSpecular":"LeftWall_Material.004_Specular.png",
        "mapDiffuse":"LeftWall_Material.004_Diffuse.png",
        "mapBump":"LeftWall_Material.004_Height.png",
        "mapSpecularRepeat":[1,1],
        "transparent":false,
        "mapSpecularAnisotropy":1
    }],
    "vertices":[5.09515,5.96515,8,5.09514,2.38419e-07,8,5.09515,5.96515,-8,5.09515,-2.38419e-07,-8,5.09515,5.96515,-0.64,5.09515,0,-0.64,5.09515,5.96515,0.639999,5.09515,0,0.640001,5.09515,5.96515,3.31,5.09514,2.38419e-07,3.31,5.09515,5.96515,4.59,5.09514,2.38419e-07,4.59,5.09515,5.96515,-3.31,5.09515,-2.38419e-07,-3.31,5.09515,5.96515,-4.59,5.09515,-2.38419e-07,-4.59,4.88659,5.96515,0.450569,4.88659,5.96515,-0.45057,4.88659,0,0.45057,4.88659,0,-0.45057,4.88659,5.96515,4.40057,4.88659,5.96515,3.49943,4.88659,2.38419e-07,4.40057,4.88659,2.38419e-07,3.49943,4.88659,-2.38419e-07,-3.49943,4.8866,5.96515,-3.49943,4.8866,5.96515,-4.40057,4.88659,-2.38419e-07,-4.40057],
    "faces":[43,1,0,10,11,0,2,3,0,1,0,0,0,0,43,12,13,5,4,0,4,5,6,7,1,1,1,1,43,9,11,22,23,0,8,9,10,11,2,2,2,2,43,6,7,9,8,0,12,13,14,15,3,3,3,3,43,6,4,17,16,0,16,17,18,19,4,4,4,4,43,14,15,27,26,0,20,21,22,23,5,5,5,5,43,2,3,15,14,0,24,25,21,20,6,6,6,6,43,17,19,18,16,0,26,27,28,29,7,7,7,7,43,21,23,22,20,0,30,31,32,33,8,8,8,8,43,26,27,24,25,0,23,22,34,35,9,9,9,9,43,13,12,25,24,0,5,4,35,34,10,10,10,10,43,11,10,20,22,0,1,0,33,32,11,11,11,11,43,5,7,18,19,0,36,37,38,39,2,2,2,2,43,8,9,23,21,0,15,14,31,30,12,12,12,12,43,12,14,26,25,0,40,41,42,43,4,4,4,4,43,7,6,16,18,0,13,12,29,28,13,13,13,13,43,4,5,19,17,0,7,6,27,26,14,14,14,14,43,15,13,24,27,0,44,45,46,47,2,2,2,2,43,10,8,21,20,0,48,40,49,50,4,4,4,4],
    "normals":[-1,2.7978e-07,-6.99175e-08,-1,2.39811e-07,-1.78591e-07,0,-1,0,-1,2.7978e-07,-8.92954e-08,-0,1,0,-0.672355,3.09217e-07,-0.740229,-1,2.39812e-07,-1.39835e-07,-1,2.39811e-07,-5.29149e-07,-1,3.19748e-07,-5.29149e-07,-1,2.39812e-07,-5.29149e-07,-0.672355,8.75559e-08,0.740229,-0.672355,5.37527e-07,0.740229,-0.672356,-1.3743e-07,-0.740228,-0.672355,3.96772e-07,0.740228,-0.672355,1.03072e-07,-0.740229],
    "metadata":{
        "version":3,
        "materials":1,
        "type":"Geometry",
        "normals":15,
        "uvs":1,
        "vertices":28,
        "faces":19,
        "generator":"io_three"
    },
    "uvs":[[0.226577,0.786875,0.754451,0.786875,0.754451,1,0.226577,1,0.226577,0.293125,0.754451,0.293125,0.754451,0.46,0.226577,0.46,0.981028,0.4,0.981028,0.32,1,0.33184,1,0.388161,0.226577,0.54,0.754451,0.54,0.754451,0.706875,0.226577,0.706875,1,0.4,1,0.48,0.981028,0.468161,0.981028,0.411839,0.226577,0.213125,0.754451,0.213125,0.754451,0.224964,0.226577,0.224964,0.226577,2.38419e-07,0.754451,0,0.226577,0.471839,0.754451,0.471839,0.754451,0.528161,0.226577,0.528161,0.226577,0.718714,0.754451,0.718714,0.754451,0.775036,0.226577,0.775036,0.754451,0.281286,0.226577,0.281286,0.981028,0.16,0.981028,0.0800001,1,0.0918395,1,0.148161,1,0.24,1,0.32,0.981028,0.308161,0.981028,0.25184,1,0,1,0.0800001,0.981028,0.0681607,0.981028,0.0118394,1,0.16,0.981028,0.228161,0.981028,0.171839]]
}