{
    "vertices":[-5.09531,5.96515,8.00002,-5.09531,2.38419e-07,8.00002,-5.09531,5.96515,-7.99998,-5.09531,-2.38419e-07,-7.99998,-5.09531,5.33939,-6.52135,-5.09531,4.94254,-6.43502,-5.09531,5.1202,-5.6091,-5.09531,5.05596,-5.28774,-5.09531,5.04341,-5.0105,-5.09531,5.36623,-4.77557,-5.09531,5.96515,-4.35577,-5.09531,5.96515,-6.53345,-5.39392,5.33939,-6.21839,-5.39392,5.07987,-6.19788,-5.39392,5.29381,-5.6091,-5.39392,5.05596,-5.28774,-5.39392,5.1318,-5.0105,-5.39392,5.36623,-4.44056,-5.39392,6.19449,-4.35577,-5.39392,5.96515,-6.67724,-5.09531,5.96515,-0.64,-5.09531,0,-0.64,-5.09531,5.96515,0.64,-5.09531,0,0.64,-5.09531,5.96515,3.31,-5.09531,2.38419e-07,3.31,-5.09531,5.96515,4.59,-5.09531,2.38419e-07,4.59,-5.09531,-2.38419e-07,-3.2975,-5.09531,5.96515,-3.3225,-5.09531,5.61517,-4.59,-5.09531,-2.38419e-07,-4.59,-4.88675,5.96515,0.45057,-4.88675,0,0.45057,-4.88675,5.96515,-0.45057,-4.88675,0,-0.45057,-4.88675,5.96515,3.49943,-4.88675,2.38419e-07,3.49943,-4.88675,5.96515,4.40057,-4.88675,2.38419e-07,4.40057,-4.88675,0,-4.42459,-4.88675,0,-3.51465,-4.88675,5.96515,-4.25969,-4.88675,5.96515,-3.53225,-4.88675,5.61517,-4.42459,-5.09531,5.00288,-5.64587,-5.09531,4.92317,-5.76444,-5.09531,5.10398,-5.73748,-5.09531,4.86471,-5.61858,-5.39392,4.92984,-6.24568,-5.09531,4.91357,-6.15951,-5.09531,4.86396,-6.23351,-5.09531,4.1365,-5.60596,-5.09531,4.13379,-6.24364],
    "faces":[43,28,29,20,21,0,0,1,2,3,0,0,0,0,43,27,25,37,39,0,4,5,6,7,1,1,1,1,43,23,22,24,25,0,8,9,10,11,2,2,2,2,43,0,1,27,26,0,14,15,12,13,3,3,3,3,43,31,30,44,40,0,16,17,18,19,4,4,4,4,43,4,11,19,12,0,20,21,22,23,5,5,5,5,43,8,7,15,16,0,24,25,26,27,6,6,6,6,42,47,14,6,0,28,29,30,7,7,7,43,7,6,14,15,0,31,32,33,34,8,8,8,8,43,5,4,12,13,0,35,20,23,36,9,9,9,9,43,9,8,16,17,0,37,38,39,40,10,10,10,10,42,18,10,30,0,43,41,42,11,11,11,42,30,9,17,0,42,37,40,12,12,12,42,30,17,18,0,42,40,43,13,13,13,43,24,26,38,36,0,44,45,46,47,14,14,14,14,43,35,34,32,33,0,48,49,50,51,15,15,15,15,43,37,36,38,39,0,52,53,54,55,16,16,16,16,42,41,40,44,0,60,56,57,17,17,17,42,44,42,43,0,57,58,59,18,18,18,42,44,43,41,0,57,59,60,19,19,19,43,26,27,39,38,0,61,62,63,64,20,20,20,20,43,22,23,33,32,0,65,66,67,68,21,21,21,21,43,28,31,40,41,0,69,70,71,72,22,22,22,22,43,20,22,32,34,0,73,74,75,76,14,14,14,14,43,10,29,43,42,0,77,78,79,80,14,14,14,14,43,29,28,41,43,0,81,82,83,84,23,23,23,23,43,21,20,34,35,0,85,86,87,88,24,24,24,24,43,30,10,42,44,0,17,89,90,18,25,25,25,25,43,25,24,36,37,0,91,92,93,94,26,26,26,26,43,23,21,35,33,0,95,96,97,98,27,27,27,27,42,8,48,46,0,99,100,101,28,28,28,43,45,47,6,7,0,102,103,104,105,29,29,29,29,43,46,45,7,8,0,101,102,105,99,30,30,30,30,43,49,50,5,13,0,106,107,35,36,31,31,31,31,42,50,51,5,0,108,109,110,32,32,32,42,5,51,53,0,123,111,112,33,33,33,42,52,48,8,0,113,114,115,34,34,34,42,52,8,9,0,113,115,116,35,35,35,42,9,30,31,0,116,117,118,36,36,36,42,31,3,2,0,118,119,120,37,37,37,42,2,11,4,0,120,121,122,38,38,38,42,2,4,5,0,120,122,123,39,39,39,42,52,9,31,0,113,116,118,40,40,40,42,2,5,53,0,120,123,112,41,41,41,42,53,52,31,0,112,113,118,42,42,42,42,53,31,2,0,112,118,120,43,43,43],
    "materials":[{
        "mapBumpRepeat":[1,1],
        "colorEmissive":[0,0,0],
        "mapSpecularRepeat":[1,1],
        "shading":"phong",
        "DbgName":"Rightwall",
        "colorDiffuse":[0.64,0.64,0.64],
        "DbgIndex":0,
        "mapDiffuseWrap":["repeat","repeat"],
        "mapSpecularWrap":["repeat","repeat"],
        "blending":1,
        "mapBumpScale":0.05,
        "depthWrite":true,
        "mapSpecularAnisotropy":1,
        "transparent":false,
        "specularCoef":50,
        "wireframe":false,
        "doubleSided":false,
        "DbgColor":15658734,
        "visible":true,
        "mapDiffuseAnisotropy":1,
        "mapBumpWrap":["repeat","repeat"],
        "mapBumpAnisotropy":1,
        "mapSpecular":"RightWall_LeftWall_Specular.png",
        "opacity":1,
        "colorSpecular":[0.5,0.5,0.5],
        "depthTest":true,
        "mapDiffuseRepeat":[1,1],
        "mapDiffuse":"RightWall_LeftWall_Diffuse.png",
        "mapBump":"RightWall_LeftWall_Height.png"
    }],
    "uvs":[[0.387308,0.835709,0.385972,0.00459782,0.529375,0.00459787,0.529375,0.835709,0.138793,0.844905,0.138793,0.91847,0.123842,0.907583,0.123842,0.855792,0.680663,0.00459782,0.680663,0.835709,0.537928,0.835709,0.537928,0.0045979,0.0042767,0.835709,0.00427685,0.00459784,0.186572,0.00459782,0.186572,0.835709,0.955376,0.00459782,0.952177,0.744485,0.940187,0.748822,0.943386,0.00893484,0.0307834,0.906979,0.0276353,0.992654,0.0124679,0.995402,0.0042767,0.904959,0.265271,0.868656,0.250587,0.868656,0.250349,0.84569,0.265775,0.844905,0.280845,0.844905,0.280845,0.871137,0.274328,0.847614,0.223134,0.878727,0.217768,0.865082,0.241795,0.844905,0.241795,0.881595,0.0307834,0.851805,0.00518921,0.869262,0.912238,0.946886,0.912312,0.993788,0.892466,0.98251,0.887118,0.940814,0.912312,0.860175,0.912122,0.910633,0.893794,0.830378,0.162267,0.844905,0.162267,0.918312,0.147346,0.907515,0.147346,0.855835,0.851315,0.00459787,0.851315,0.835709,0.803142,0.835709,0.803141,0.00459782,0.794588,0.00459782,0.794588,0.835709,0.746414,0.835709,0.746414,0.00459795,0.689217,0.835709,0.689216,0.0533598,0.698032,0.00459782,0.73692,0.00459782,0.737861,0.835709,0.887118,0.820847,0.887118,0.00459782,0.905099,0.00493347,0.905099,0.821182,0.931634,0.00493347,0.931634,0.821182,0.913652,0.820847,0.913652,0.00459782,0.0917844,0.844905,0.0917844,0.919188,0.0768336,0.909682,0.0768336,0.857385,0.185741,0.844905,0.185741,0.918312,0.17082,0.907515,0.17082,0.855835,0.194294,0.904162,0.194294,0.844905,0.209215,0.856867,0.209215,0.898585,0.878564,0.00514299,0.878564,0.821629,0.859869,0.821014,0.860059,0.00459782,0.995723,0.00459782,0.995723,0.790609,0.984103,0.795437,0.984103,0.00942622,0.955376,0.794826,0.94238,0.797912,0.97555,0.00459782,0.975549,0.790609,0.963929,0.795437,0.963929,0.00942622,0.100338,0.91847,0.100338,0.844905,0.115289,0.855792,0.115289,0.907583,0.0682802,0.844905,0.0682802,0.887814,0.0575858,0.889916,0.0528503,0.877923,0.0393368,0.874037,0.0416079,0.866717,0.058356,0.856868,0.00723071,0.849263,0.0239504,0.844905,0.296605,0.861246,0.289398,0.858832,0.296605,0.844905,0.289559,0.158024,0.289017,0.259757,0.323107,0.259379,0.322432,0.157919,0.354939,0.133022,0.367498,0.0880438,0.377418,0.0533598,0.377419,0.835709,0.195125,0.835709,0.195125,0.00459782,0.273524,0.00459782,0.274171,0.0917836,0.278786,0.147076]],
    "metadata":{
        "version":3,
        "type":"Geometry",
        "vertices":54,
        "faces":46,
        "materials":1,
        "uvs":1,
        "generator":"io_three",
        "normals":44
    },
    "normals":[1,2.80341e-07,2.67886e-07,-0,-1,0,1,2.39811e-07,1.78591e-07,1,2.39811e-07,1.39834e-07,0.621394,5.35847e-08,-0.783498,0.242036,0.341719,0.908101,0.145477,0.98298,-0.112191,0.499657,0.859398,-0.108524,0.254432,0.875236,0.411371,0.680845,0.117667,0.722914,-0.193893,0.806569,-0.558437,0.392841,0.511488,-0.764235,-0.66876,0.444348,-0.596083,-0.503506,0.0879903,-0.8595,0,1,0,1,2.7978e-07,2.64574e-07,1,2.39811e-07,5.29149e-07,1,8.49195e-08,-0,1,4.08741e-06,0,1,3.24103e-07,1.47599e-06,0.672342,1.60701e-07,0.740241,0.672341,1.92841e-07,0.740242,1.14316e-06,-1,0,0.715249,0.00249558,0.698865,0.672341,1.82866e-07,-0.740242,0.478257,0.435032,-0.762901,0.672341,1.31885e-07,-0.740242,-0,-1,0,1,3.57736e-06,-1.83545e-06,1,-7.22231e-06,-2.8917e-06,1,-1.04782e-05,-8.20014e-08,0.337403,0.740096,0.581736,1,6.07697e-06,2.3697e-06,1,-6.49533e-07,-2.53284e-07,1,-1.35204e-08,-7.80196e-07,1,8.25383e-06,-1.33717e-05,1,8.49195e-08,2.45565e-06,1,3.19748e-07,2.79671e-07,1,1.53031e-06,3.25147e-07,1,1.24613e-06,2.04879e-07,1,-3.77808e-08,-1.09252e-06,1,-8.68028e-07,-1.1766e-06,1,4.13775e-07,7.46004e-07,1,1.1572e-08,-2.59429e-07]
}